Response in frame,Server IP,Client IP,Result Code,Content Type,Content Length,Compression,Content Compressed Size,Content Uncompressed Size,Request in Frame,Object Name
135,176.32.98.166,10.207.175.99,HTTP/1.1 200 OK (text/html)      ,text/html; charset=UTF-8\r\n  ,336890,gzip,61441,336890,4,/
145,88.221.117.200,10.207.175.99,HTTP/1.1 200 OK (text/css)      ,text/css\r\n   ,2538,gzip,2538,12210,140,/images/G/01/AUIClients/NavAuiMobileAssetsSmart-2e441164b30f19a5ca7e998e243423f2486a2b7f._V2_.css
172,54.239.22.213,10.207.175.99,HTTP/1.1 200 OK (GIF89a)      ,image/gif\r\n   ,43,none,43,43,141,/1/batch/1/OP/ATVPDKIKX0DER:190-6529896-4644741:03CDEMQYPH35FZDZ6KQJ$uedata=s:%2Fuedata%2Fnvp%2Funsticky%2F190-6529896-4644741%2FGateway%2Fntpoffrw%3Fstaticb%26id%3D03CDEMQYPH35FZDZ6KQJ%26pty%3Dgateway-phone-web%26spty%3Dsmartphone%26pti%3Dmobile:1000
174,54.240.162.96,10.207.175.99,HTTP/1.1 200 OK (PNG)      ,image/png\r\n   ,15847,none,15847,15847,147,/images/G/01/gno/sprites/global-sprite-32-v1._V332842812_.png
186,54.240.162.96,10.207.175.99,HTTP/1.1 200 OK (JPEG JFIF image)    ,image/jpeg\r\n   ,7109,none,7109,7109,148,/images/G/01/kindle/merch/2015/campaign/E/ECHO-gw-d-00price-us-1242x375._UX414_SX414_V313265211_.jpg
189,88.221.117.200,10.207.175.99,HTTP/1.1 200 OK (application/x-javascript)      ,application/x-javascript\r\n   ,362,gzip,362,603,188,/images/G/01/AUIClients/GenericObservableJS-01e038760277ea2c820d295a81fb0bf7973a9d36.min._V2_.js
206,54.240.162.96,10.207.175.99,HTTP/1.1 200 OK (GIF89a)      ,image/gif\r\n   ,9748,none,9748,9748,191,/images/G/01/amazonui/loading/loading-4x-gray._V1_.gif
230,54.192.47.84,10.207.175.99,HTTP/1.1 200 OK (JPEG JFIF image)    ,image/jpeg\r\n   ,2845,none,2845,2845,208,/images/I/41%2Bjw%2Bk87yL._SY150_.jpg
234,54.192.47.84,10.207.175.99,HTTP/1.1 200 OK (JPEG JFIF image)    ,image/jpeg\r\n   ,3059,none,3059,3059,210,/images/I/41ElUzWNYfL._SY150_.jpg
239,54.240.162.236,10.207.175.99,HTTP/1.1 200 OK (JPEG JFIF image)    ,image/jpeg\r\n   ,3150,none,3150,3150,211,/images/I/41UPG%2BL94nL._SY150_.jpg
322,88.221.117.200,10.207.175.99,HTTP/1.1 200 OK (application/x-javascript)      ,application/x-javascript\r\n   ,8456,gzip,8456,23792,213,/images/G/01/AUIClients/NavAuiMobileAssetsSmart-8bda3bf4afee7406d75c3c0446d7f228c9ff0c8c._V2_.js
336,54.240.162.96,10.207.175.99,HTTP/1.1 200 OK (PNG)      ,image/png\r\n   ,58494,none,58494,58494,209,/images/G/01/AUIClients/AmazonUIBaseCSS-sprite_2x-47934801beec8b5c0b18b3545b4a03a679294900._V2_.png
393,88.221.117.200,10.207.175.99,HTTP/1.1 200 OK (application/x-javascript)      ,application/x-javascript\r\n   ,85034,gzip,85034,271191,212,/images/G/01/AUIClients/AmazonUI-59993146b9b928d93c5e7c480600481402313089._V2_.js
402,54.192.47.84,10.207.175.99,HTTP/1.1 200 OK (JPEG JFIF image)    ,image/jpeg\r\n   ,8454,none,8454,8454,241,/images/I/51WpYDAvX0L._SY150_.jpg
410,54.240.162.236,10.207.175.99,HTTP/1.1 200 OK (JPEG JFIF image)    ,image/jpeg\r\n   ,6040,none,6040,6040,253,/images/I/51PSMWUpEPL._SY150_.jpg
416,54.192.47.84,10.207.175.99,HTTP/1.1 200 OK (JPEG JFIF image)    ,image/jpeg\r\n   ,6343,none,6343,6343,257,/images/I/516N%2BfTbMtL._SY150_.jpg
428,54.192.47.84,10.207.175.99,HTTP/1.1 200 OK (JPEG JFIF image)    ,image/jpeg\r\n   ,5274,none,5274,5274,411,/images/I/51piLLzvzZL._SY150_.jpg
433,54.192.47.84,10.207.175.99,HTTP/1.1 200 OK (JPEG JFIF image)    ,image/jpeg\r\n   ,4673,none,4673,4673,418,/images/I/41SczZ8bTHL._SY150_.jpg
440,54.192.47.84,10.207.175.99,HTTP/1.1 200 OK (JPEG JFIF image)    ,image/jpeg\r\n   ,4174,none,4174,4174,419,/images/I/41BhIPcsrpL._SY150_.jpg
449,54.240.162.96,10.207.175.99,HTTP/1.1 200 OK (JPEG JFIF image)    ,image/jpeg\r\n   ,3120,none,3120,3120,422,/images/G/01/img15/collectibles/entertainment/gateway/Darthvader_mobile_grid_438x300._UX146_SX146_V330551712_.jpg
454,54.240.162.96,10.207.175.99,HTTP/1.1 200 OK (JPEG JFIF image)    ,image/jpeg\r\n   ,1402,none,1402,1402,423,/images/G/01/kindle/merch/2015/campaign/E/D-mobile-438x300._UX146_SX146_V318376368_.jpg
464,54.240.162.96,10.207.175.99,HTTP/1.1 200 OK (JPEG JFIF image)    ,image/jpeg\r\n   ,3841,none,3841,3841,444,/images/G/01/Gateway/Carp/CM4Wallet._UX146_SX146_V320990090_.png
470,54.240.162.96,10.207.175.99,HTTP/1.1 200 OK (JPEG JFIF image)    ,image/jpeg\r\n   ,4189,none,4189,4189,456,/images/G/01/Gateway/Carp/gateway_graphics_438x300_8._UX146_SX146_V351538315_.jpg
504,54.240.162.64,10.207.175.99,HTTP/1.1 200 OK (application/octet-stream)      ,application/octet-stream\r\n   ,20473,none,20473,20473,474,/1506277001/1439860665201/27419_HouseMobile_Baby_OO_MobileWebGWDeals640x100.jpg
507,72.21.194.87,10.207.175.99,HTTP/1.1 200 OK (GIF89a)      ,image/gif\r\n   ,43,none,43,43,472,/e/loi/imp?b=IOHDvVJKcEkgjgVRMK79s7AAAAFQZws9uwEAAAGQKl3Uuw
531,88.221.117.200,10.207.175.99,HTTP/1.1 200 OK (application/x-javascript)      ,application/x-javascript\r\n   ,6705,gzip,6705,16140,513,/images/G/01/AUIClients/ClientSideMetricsAUIJavascript-dbbe193c185d9590bb058143d386eb3515a25c25.secure.variant-mobile.min._V2_.js
534,54.239.22.213,10.207.175.99,HTTP/1.1 200 OK (GIF89a)      ,image/gif\r\n   ,43,none,43,43,511,/1/batch/1/OP/ATVPDKIKX0DER:190-6529896-4644741:03CDEMQYPH35FZDZ6KQJ$uedata=s:%2Fuedata%2Fnvp%2Funsticky%2F190-6529896-4644741%2FGateway%2Fntpoffrw%3Fld%26v%3D0.115.0%26id%3D03CDEMQYPH35FZDZ6KQJ%26m%3D1%26sc%3D03CDEMQYPH35FZDZ6KQJ%26ue%3D8%26ns%3D299%26ne%3D371%26af%3D374%26cf%3D374%26be%3D649%26pc%3D1067%26tc%3D-78%26na_%3D-78%26ul_%3D-1444837752113%26_ul%3D-1444837752113%26rd_%3D-1444837752113%26_rd%3D-1444837752113%26fe_%3D-78%26lk_%3D-78%26_lk%3D-78%26co_%3D-78%26_co%3D-78%26sc_%3D-1444837752113%26rq_%3D-78%26rs_%3D-78%26_rs%3D-69%26dl_%3D-34%26di_%3D836%26de_%3D837%26_de%3D837%26_dc%3D1067%26ld_%3D1067%26_ld%3D-1444837752113%26ntd%3D-1%26ty%3D0%26rc%3D0%26hob%3D3%26hoe%3D9%26ld%3D1069%26t%3D1444837753182%26ctb%3D1%26rt%3Dcf%3A5-1-1-3-3-0-0_af%3A5-1-1-3-3-0-0_ld%3A23-3-1-17-5-0-0%26bf%3Ddall_1-dcm_1-xhr_1-qs_1-ael_1-atob_1-%26csmtags%3Daui%7Caui%3Aaui_build_date%3A3.15.9.5-2015-09-25%7Cfls-na%26viz%3Dvisible%3A8%26pty%3Dgateway-phone-web%26spty%3Dsmartphone%26pti%3Dmobile%26tid%3D03CDEMQYPH35FZDZ6KQJ%26aftb%3D1:1079
536,54.239.22.213,10.207.175.99,HTTP/1.1 200 OK (GIF89a)      ,image/gif\r\n   ,43,none,43,43,512,/1/batch/1/OP/ATVPDKIKX0DER:190-6529896-4644741:03CDEMQYPH35FZDZ6KQJ$uedata=s:%2Fuedata%2Fnvp%2Funsticky%2F190-6529896-4644741%2FGateway%2Fntpoffrw%3Fld%26v%3D0.115.0%26id%3D03CDEMQYPH35FZDZ6KQJ%26sc0%3Dmobileadsssrenderad_ma_gateway_ma_gateway-mWeb_ma_atf%26pc0%3D781%26ld0%3D781%26t0%3D1444837752894%26sc1%3Dmobileadsssimpressions_ma_gateway_ma_gateway-mWeb_ma_atf%26pc1%3D783%26ld1%3D783%26t1%3D1444837752896%26ctb%3D1:1082
538,54.239.22.213,10.207.175.99,HTTP/1.1 200 OK (GIF89a)      ,image/gif\r\n   ,43,none,43,43,514,/1/action-impressions/1/OP/csm/action/csm-features:impression-tracking?requestId=03CDEMQYPH35FZDZ6KQJ&marketplaceId=ATVPDKIKX0DER&session=190-6529896-4644741&csm=1
550,176.32.98.166,10.207.175.99,HTTP/1.1 200 OK (GIF89a)      ,image/gif\r\n   ,43,gzip,64,43,519,/uedata/nvp/unsticky/190-6529896-4644741/Gateway/ntpoffrw?ld&v=0.115.0&id=03CDEMQYPH35FZDZ6KQJ&m=1&sc=03CDEMQYPH35FZDZ6KQJ&ue=8&ns=299&ne=371&af=374&cf=374&be=649&pc=1067&tc=-78&na_=-78&ul_=-1444837752113&_ul=-1444837752113&rd_=-1444837752113&_rd=-1444837752113&fe_=-78&lk_=-78&_lk=-78&co_=-78&_co=-78&sc_=-1444837752113&rq_=-78&rs_=-78&_rs=-69&dl_=-34&di_=836&de_=837&_de=837&_dc=1067&ld_=1067&_ld=-1444837752113&ntd=-1&ty=0&rc=0&hob=3&hoe=9&ld=1069&t=1444837753182&ctb=1&rt=cf:5-1-1-3-3-0-0_af:5-1-1-3-3-0-0_ld:23-3-1-17-5-0-0&bf=dall_1-dcm_1-xhr_1-qs_1-ael_1-atob_1-&csmtags=aui|aui:aui_build_date:3.15.9.5-2015-09-25|fls-na&viz=visible:8&pty=gateway-phone-web&spty=smartphone&pti=mobile&tid=03CDEMQYPH35FZDZ6KQJ&aftb=1
552,54.239.22.213,10.207.175.99,HTTP/1.1 200 OK (GIF89a)      ,image/gif\r\n   ,43,none,43,43,540,/1/batch/1/OP/ATVPDKIKX0DER:190-6529896-4644741:03CDEMQYPH35FZDZ6KQJ$uedata=s:%2Fuedata%2Fnvp%2Funsticky%2F190-6529896-4644741%2FGateway%2Fntpoffrw%3Fld%26v%3D0.115.0%26id%3D03CDEMQYPH35FZDZ6KQJ%26ctb%3D1%26sc0%3DcsmCELLSframework%26bb0%3D1269%26pc0%3D1270%26ld0%3D1270%26t0%3D1444837753383%26pty%3Dgateway-phone-web%26spty%3Dsmartphone%26pti%3Dmobile%26tid%3D03CDEMQYPH35FZDZ6KQJ%26aftb%3D1:1271
553,54.239.22.213,10.207.175.99,HTTP/1.1 200 OK (GIF89a)      ,image/gif\r\n   ,43,none,43,43,542,/1/batch/1/OP/ATVPDKIKX0DER:190-6529896-4644741:03CDEMQYPH35FZDZ6KQJ$uedata=s:%2Fuedata%2Fnvp%2Funsticky%2F190-6529896-4644741%2FGateway%2Fntpoffrw%3Fld%26v%3D0.115.0%26id%3D03CDEMQYPH35FZDZ6KQJ%26ctb%3D1%26sc0%3DcsmCELLSvpm%26bb0%3D1277%26pc0%3D1278%26ld0%3D1278%26t0%3D1444837753391%26pty%3Dgateway-phone-web%26spty%3Dsmartphone%26pti%3Dmobile%26tid%3D03CDEMQYPH35FZDZ6KQJ%26aftb%3D1:1279
555,54.239.22.213,10.207.175.99,HTTP/1.1 200 OK (GIF89a)      ,image/gif\r\n   ,43,none,43,43,543,/1/batch/1/OP/ATVPDKIKX0DER:190-6529896-4644741:03CDEMQYPH35FZDZ6KQJ$uedata=s:%2Fuedata%2Fnvp%2Funsticky%2F190-6529896-4644741%2FGateway%2Fntpoffrw%3Fld%26v%3D0.115.0%26id%3D03CDEMQYPH35FZDZ6KQJ%26ctb%3D1%26sc0%3DcsmCELLSfem%26bb0%3D1279%26pc0%3D1281%26ld0%3D1281%26t0%3D1444837753394%26pty%3Dgateway-phone-web%26spty%3Dsmartphone%26pti%3Dmobile%26tid%3D03CDEMQYPH35FZDZ6KQJ%26aftb%3D1:1281
557,54.239.22.213,10.207.175.99,HTTP/1.1 200 OK (GIF89a)      ,image/gif\r\n   ,43,none,43,43,541,/1/batch/1/OP/ATVPDKIKX0DER:190-6529896-4644741:03CDEMQYPH35FZDZ6KQJ$uedata=s:%2Fuedata%2Fnvp%2Funsticky%2F190-6529896-4644741%2FGateway%2Fntpoffrw%3Fld%26v%3D0.115.0%26id%3D03CDEMQYPH35FZDZ6KQJ%26ctb%3D1%26sc0%3DcsmCELLSpdm%26bb0%3D1271%26pc0%3D1276%26ld0%3D1276%26t0%3D1444837753389%26pty%3Dgateway-phone-web%26spty%3Dsmartphone%26pti%3Dmobile%26tid%3D03CDEMQYPH35FZDZ6KQJ%26aftb%3D1:1277
594,54.192.47.84,10.207.175.99,HTTP/1.1 200 OK (JPEG JFIF image)    ,image/jpeg\r\n   ,27467,none,27467,27467,562,/images/I/51ENctTSxaL._SY450_.jpg
639,54.192.47.84,10.207.175.99,HTTP/1.1 200 OK (JPEG JFIF image)    ,image/jpeg\r\n   ,24478,none,24478,24478,563,/images/I/5153IOasALL._SY450_.jpg
655,54.192.47.84,10.207.175.99,HTTP/1.1 200 OK (JPEG JFIF image)    ,image/jpeg\r\n   ,24990,none,24990,24990,564,/images/I/51XGerXeYeL._SY450_.jpg
684,72.21.194.98,10.207.175.99,HTTP/1.1 200 OK (text/html)      ,text/html;charset=ISO-8859-1\r\n   ,64,none,64,64,560,/iu3?d=amazon.com&slot=navFooter&a2=010126e403348f15e4edff6230f981312241e8ff48d7b3eaf2f38797ed7b2539f8c6&old_oo=0&cb=1444837801825
724,54.192.47.84,10.207.175.99,HTTP/1.1 200 OK (JPEG JFIF image)    ,image/jpeg\r\n   ,36455,none,36455,36455,565,/images/I/51QCZ7305rL._SY450_.jpg
739,54.240.162.96,10.207.175.99,HTTP/1.1 200 OK (PNG)      ,image/png\r\n   ,37069,none,37069,37069,593,/images/G/01/gno/sprites/global-sprite-32-2x-v1._V333160047_.png
",dummy,dummy,         ,,,none,,,Not Found ,
",dummy,dummy,         ,,,none,,,Not Found ,
",dummy,dummy,         ,,,,,,Not Found ,
